Country name,indicator_code,1990,1991,1992,1993,1994,1995,1996,1997,1998,1999,2000,2001,2002,2003,2004,2005,2006,2007,2008,2009,2010,2011,2012,2013,2014,2015,2016,2017,2018,2019,2020,2021
Algeria,8.10.2,0,0,0,0,0,0,0,0,0,0,0,0,0,0,0,0,0,0,0,0,0,12,0,0,12,0,0,12,0,0,0,0
Algeria,8.2.1,0,0,0,0,0,0,0,0,0,0,0,0,0,0,0,0,0,0,0,0,12,0,12,0,0,0,0,0,0,0,0,0
Algeria,8.10.1,0,0,0,0,0,0,0,0,0,0,0,0,0,0,0,1,2,2,2,2,2,2,2,2,2,2,2,2,2,0,0,0
Algeria,8.4.2,0,0,0,0,0,0,0,0,0,0,0,0,0,0,0,0,1,1,2,2,2,2,2,2,2,2,2,2,2,0,0,0
Algeria,8.8.1,0,0,0,0,0,0,0,0,0,0,45,45,45,45,45,39,45,45,45,39,39,39,39,45,48,51,48,48,0,0,0,0
Algeria,8.1.1,0,0,0,0,0,0,0,0,0,0,0,0,0,0,0,0,0,0,0,0,0,12,0,0,16,0,0,12,0,0,0,0
Algeria,8.8.2,10,10,10,10,10,10,10,10,10,10,10,10,10,10,10,10,10,10,10,10,10,10,10,10,10,10,4,0,0,0,0,0
Algeria,8.4.1,0,0,0,0,0,0,0,0,0,0,51,51,51,51,51,51,51,51,51,51,51,51,51,51,51,51,51,51,0,0,0,0
Algeria,8.3.1,0,9,9,9,10,12,12,12,12,12,12,13,13,13,13,13,13,13,13,13,13,13,13,13,13,13,13,13,13,12,0,0
Algeria,8.7.1,0,0,0,0,0,0,0,0,0,0,39,48,45,45,45,48,48,48,48,36,45,36,45,45,45,42,42,42,0,0,0,0
Algeria,8.6.1,0,10,10,10,10,10,10,10,10,10,10,13,13,13,13,13,13,13,13,13,13,13,13,13,13,13,13,13,13,12,0,0
Algeria,8.a.1,0,0,0,0,0,0,0,0,0,0,0,0,0,0,0,0,0,0,0,0,0,0,0,0,15,0,0,0,0,0,0,0
Algeria,8.5.2,0,0,0,0,0,0,0,0,0,0,0,0,0,0,0,0,0,0,0,0,0,0,0,0,0,1,1,1,1,0,0,0
Algeria,8.5.1,0,3,3,3,3,3,3,3,3,3,3,3,3,3,3,3,3,3,3,3,3,3,3,3,3,3,3,3,3,3,0,0
Bahrain,8.10.2,2,12,12,12,12,12,12,12,12,12,12,13,13,13,13,13,13,13,13,13,13,13,13,13,13,13,13,13,13,12,0,0
Bahrain,8.2.1,0,3,3,3,3,3,3,3,3,3,3,3,3,3,3,3,3,3,3,3,3,3,3,3,3,3,3,3,3,3,0,0
Bahrain,8.4.2,0,0,0,0,0,0,0,0,0,0,45,48,48,39,36,36,36,45,42,39,45,48,48,48,48,45,45,45,0,0,0,0
Bahrain,8.8.1,5,5,3,4,4,13,14,14,14,14,14,14,14,14,14,14,14,14,14,15,17,18,17,18,17,18,17,18,17,1,1,1
Bahrain,8.1.1,0,11,11,11,11,11,11,11,11,11,11,12,12,12,12,12,12,12,12,12,12,12,12,12,12,12,12,12,12,11,0,0
Bahrain,8.4.1,0,0,0,0,0,0,0,0,0,0,0,0,0,0,0,0,0,0,0,0,0,0,0,0,0,0,0,0,0,1,1,0
Bahrain,8.3.1,0,0,0,0,0,0,0,0,0,0,0,0,0,0,1,1,2,2,2,2,2,2,2,2,2,2,2,2,2,2,0,0
Bahrain,8.9.1,0,0,0,0,0,0,0,0,0,0,0,0,0,0,0,1,2,2,2,2,2,2,2,2,2,2,2,2,2,0,0,0
Bahrain,8.5.2,10,10,10,10,10,10,10,10,10,10,10,10,10,10,10,10,10,10,10,10,10,10,10,10,10,10,4,0,0,0,0,0
Bahrain,8.5.1,0,0,0,0,0,0,0,0,0,0,0,0,0,0,0,0,0,0,0,0,0,12,0,0,15,0,0,15,0,0,0,0
Comoros,8.10.2,0,0,0,0,0,0,0,0,0,0,0,0,0,0,2,2,2,2,2,2,2,2,2,2,2,2,2,2,2,0,0,0
Comoros,8.2.1,0,0,0,0,0,0,0,0,0,0,0,0,0,0,0,0,0,0,0,0,0,12,0,0,0,0,0,0,0,0,0,0
Comoros,8.10.1,0,3,3,3,3,3,3,3,3,3,3,3,3,3,3,3,3,3,3,3,3,3,3,3,3,3,3,3,3,3,0,0
Comoros,8.4.2,0,0,0,0,0,0,0,0,0,0,0,0,0,0,0,0,0,0,0,0,0,0,0,0,0,0,0,0,0,1,1,0
Comoros,8.b.1,0,0,0,0,0,0,0,0,0,0,0,0,0,0,0,0,0,0,0,0,0,0,0,0,0,0,0,3,3,3,0,0
Comoros,8.1.1,0,0,0,0,0,0,0,0,0,0,0,0,0,0,2,2,2,2,2,2,2,2,2,2,2,2,2,2,2,2,0,0
Comoros,8.8.2,0,0,0,0,0,0,0,0,0,0,0,0,0,0,0,0,0,0,0,0,0,0,0,0,0,1,1,1,1,0,0,0
Comoros,8.3.1,0,0,0,0,0,0,0,0,0,0,0,0,0,0,0,0,0,0,0,0,0,0,0,0,0,3,0,0,0,0,0,0
Comoros,8.7.1,0,0,0,0,0,0,0,0,0,0,0,0,0,0,0,0,0,0,0,3,0,3,3,3,3,3,12,0,12,0,0,0
Comoros,8.6.1,0,0,0,0,0,0,0,0,0,0,0,0,0,0,2,2,2,2,2,2,2,2,2,2,2,2,2,2,2,2,0,0
Comoros,8.a.1,0,9,9,9,9,9,9,9,9,9,9,10,10,10,10,10,10,10,10,10,10,10,10,10,10,10,10,10,10,10,0,0
Comoros,8.5.2,0,0,0,0,0,0,0,0,0,0,0,0,0,0,0,1,2,2,2,2,2,2,2,2,2,2,2,2,2,0,0,0
Comoros,8.5.1,0,10,10,10,10,10,10,10,10,10,10,11,13,13,13,13,13,13,13,13,13,13,13,13,13,13,13,13,13,12,0,0
Djibouti,8.10.2,0,0,0,0,0,0,0,0,0,0,51,51,51,51,51,51,51,51,51,51,51,51,51,51,51,51,48,48,0,0,0,0
Djibouti,8.2.1,2,12,12,12,12,12,12,12,12,12,12,13,13,13,13,13,13,13,13,13,13,13,13,13,13,13,13,13,13,11,0,0
Djibouti,8.10.1,0,0,0,0,0,0,0,0,0,0,0,0,0,0,0,0,0,0,0,0,0,12,0,0,15,0,0,15,0,0,0,0
Djibouti,8.4.2,9,11,11,11,11,11,11,11,11,12,12,12,12,12,13,13,14,14,14,14,15,14,14,14,14,15,14,16,14,2,1,1
Djibouti,8.1.1,0,0,0,0,0,0,0,0,0,0,45,45,45,45,45,45,45,45,45,51,48,51,51,51,51,51,51,51,0,0,0,0
Djibouti,8.8.2,0,0,0,0,0,0,0,0,0,0,0,0,0,0,0,0,0,0,0,0,0,6,0,0,0,0,0,0,0,0,0,0
Djibouti,8.4.1,17,17,17,17,17,17,17,17,17,17,17,17,17,17,17,17,17,17,17,18,17,18,17,17,17,17,17,17,17,2,1,1
Djibouti,8.a.1,0,0,0,0,0,0,0,0,0,0,27,27,27,27,27,27,27,27,27,27,27,27,27,27,27,27,27,27,0,0,0,0
Djibouti,8.5.1,0,0,0,0,0,0,0,0,0,0,0,0,0,0,2,2,2,2,2,2,2,2,2,2,2,2,2,2,2,2,0,0
Egypt,8.10.2,0,0,0,0,0,0,0,0,0,0,2,2,2,2,2,0,0,0,0,0,0,0,0,0,0,0,0,0,0,0,0,0
Egypt,8.2.1,0,0,0,0,0,0,0,0,0,0,0,0,0,0,2,2,2,2,2,2,2,2,2,2,2,2,2,2,2,2,0,0
Egypt,8.10.1,1,11,11,11,11,11,11,11,11,11,11,12,12,12,12,12,12,12,12,12,12,12,12,12,12,12,12,12,12,11,0,0
Egypt,8.4.2,0,0,0,0,0,0,0,0,0,0,0,0,0,0,0,0,0,0,0,0,0,0,0,0,0,1,1,1,1,0,0,0
Egypt,8.b.1,0,0,0,0,0,0,0,0,0,0,0,0,0,0,0,1,2,2,2,2,2,2,2,2,2,2,2,2,2,0,0,0
Egypt,8.8.1,0,0,0,0,0,0,0,0,0,0,0,0,0,0,0,0,0,0,0,0,0,0,0,0,0,1,1,1,1,0,0,0
Egypt,8.1.1,16,16,16,16,16,16,16,16,16,16,16,16,16,16,16,16,16,16,17,18,17,18,17,17,17,17,17,17,17,2,1,0
Egypt,8.3.1,0,0,0,0,0,0,0,0,0,0,0,0,0,0,0,0,0,1,1,1,1,1,1,1,1,1,1,1,1,0,0,0
Egypt,8.8.2,0,0,0,0,0,0,0,0,0,0,0,0,0,0,0,0,0,0,0,0,0,0,6,0,0,0,0,6,0,0,0,0
Egypt,8.4.1,10,10,10,10,10,10,10,10,10,10,10,10,10,10,10,10,10,10,10,10,10,10,10,10,10,10,4,0,0,0,0,0
Egypt,8.7.1,0,0,0,0,0,0,0,0,0,0,0,0,0,0,0,0,1,12,12,12,0,12,12,9,9,9,9,9,9,12,0,0
Egypt,8.6.1,0,0,0,0,0,0,0,0,0,0,45,48,48,48,48,48,48,48,48,48,48,48,48,48,48,48,48,48,0,0,0,0
Egypt,8.a.1,7,0,0,0,0,0,0,0,0,0,0,0,0,0,0,0,0,0,0,0,0,1,2,3,3,3,3,4,2,2,1,1
Egypt,8.9.1,0,0,0,0,0,0,0,0,0,0,0,0,0,0,0,0,0,0,0,3,0,0,0,0,0,0,0,0,0,0,0,0
Egypt,8.5.2,0,0,0,0,0,0,0,0,0,0,0,3,12,12,0,0,3,12,9,9,9,0,0,0,0,0,0,0,0,0,0,0
Egypt,8.5.1,0,0,0,0,0,0,0,0,0,0,42,45,51,51,51,51,51,51,51,51,51,51,51,51,51,51,51,51,0,0,0,0
Iraq,8.10.2,17,17,17,17,17,17,17,17,17,17,17,17,17,17,17,17,17,17,17,18,17,18,17,18,17,18,17,18,17,2,1,1
Iraq,8.2.1,0,0,0,0,0,0,0,0,0,0,36,36,36,39,36,39,39,39,39,39,36,39,39,39,39,39,39,39,0,0,0,0
Iraq,8.10.1,0,0,0,0,0,0,0,0,0,0,0,0,0,0,2,2,2,2,2,2,2,2,2,2,2,2,2,2,2,2,0,0
Iraq,8.4.2,10,10,10,10,10,10,10,10,10,10,10,10,10,10,10,10,10,10,10,10,10,10,10,10,10,10,5,0,0,0,0,0
Iraq,8.b.1,0,0,0,0,0,0,0,0,0,0,0,0,0,0,0,0,0,0,0,0,1,0,1,0,0,0,1,0,0,0,0,0
Iraq,8.1.1,10,10,10,10,10,10,10,10,10,10,10,10,10,10,10,10,10,10,10,10,10,10,10,10,10,10,4,0,0,0,0,0
Iraq,8.8.2,0,0,0,0,0,0,0,0,0,0,0,0,0,0,0,1,2,2,2,2,2,2,2,2,2,2,2,2,2,0,0,0
Iraq,8.4.1,0,0,0,0,0,0,0,0,0,0,0,0,0,0,0,0,1,1,1,1,1,1,1,1,1,1,1,1,1,0,0,0
Iraq,8.3.1,0,0,0,0,12,14,16,16,16,16,16,16,16,16,16,16,16,16,16,17,16,17,16,17,16,17,16,17,16,0,0,0
Iraq,8.7.1,5,5,5,5,5,5,5,5,5,5,11,13,14,14,14,14,14,14,14,14,15,14,14,14,14,15,14,16,14,2,1,1
Iraq,8.a.1,10,10,10,10,10,10,10,10,10,10,10,10,10,10,10,10,10,10,10,10,10,10,10,10,10,10,4,0,0,0,0,0
Iraq,8.5.2,0,3,3,3,3,3,3,3,3,3,3,3,3,3,3,3,3,3,3,3,3,3,3,3,3,3,3,3,3,3,0,0
Iraq,8.5.1,9,9,9,9,9,9,9,9,9,9,13,16,16,16,16,16,16,17,17,18,17,18,17,18,17,18,17,18,17,2,1,1
Jordan,8.10.2,0,0,0,0,0,0,0,0,0,0,0,0,0,0,0,0,0,0,0,0,0,0,0,0,0,0,1,1,1,0,0,0
Jordan,8.2.1,0,0,0,0,0,0,0,0,0,0,0,0,0,0,0,0,0,0,0,0,0,0,0,0,0,0,0,0,0,1,1,0
Jordan,8.10.1,0,0,0,0,0,0,0,0,0,0,51,51,51,51,51,51,51,51,51,51,51,51,51,51,51,51,51,51,0,0,0,0
Jordan,8.4.2,0,0,0,0,0,0,0,0,0,0,0,0,0,0,0,0,1,1,1,1,1,1,1,1,1,1,1,0,0,0,0,0
Jordan,8.b.1,0,0,0,0,0,0,0,0,0,0,3,3,3,3,0,3,3,3,3,3,3,3,3,3,3,6,6,6,6,6,0,0
Jordan,8.8.1,10,10,10,10,10,10,10,10,10,10,10,10,10,10,10,10,10,10,10,10,10,10,10,10,10,10,4,0,0,0,0,0
Jordan,8.1.1,0,0,0,0,0,0,0,0,0,0,0,0,0,0,0,0,0,0,0,0,0,0,0,0,0,0,0,0,0,6,0,0
Jordan,8.4.1,0,0,0,0,0,0,0,0,0,0,0,0,0,0,0,1,2,2,2,2,2,2,2,2,2,2,2,2,2,0,0,0
Jordan,8.3.1,0,0,0,0,0,0,0,0,0,0,0,0,0,0,0,0,0,0,0,0,6,6,6,6,6,6,6,6,6,6,3,0
Jordan,8.7.1,0,3,3,3,3,3,3,3,3,3,3,3,3,3,3,3,3,3,3,3,3,3,3,3,3,3,3,3,3,3,0,0
Jordan,8.6.1,0,0,0,0,0,0,0,0,0,0,0,0,0,0,0,0,0,0,0,0,0,0,0,0,0,0,0,0,0,1,1,0
Jordan,8.a.1,0,0,0,0,0,0,0,0,0,0,0,0,0,0,0,1,2,2,2,2,2,2,2,2,2,2,2,2,2,0,0,0
Jordan,8.9.1,0,3,3,3,3,3,3,3,3,3,3,3,3,3,3,3,3,3,3,3,3,3,3,3,3,3,3,3,3,3,0,0
Jordan,8.5.2,0,0,0,0,0,0,0,0,0,0,0,0,0,0,0,0,0,0,0,0,0,0,0,0,15,0,0,15,0,0,0,0
Jordan,8.5.1,10,10,10,10,10,10,10,10,10,10,10,10,10,10,10,10,10,10,10,10,10,10,10,10,10,10,4,0,0,0,0,0
Kuwait,8.10.2,10,10,10,10,10,10,10,10,10,10,10,10,10,10,10,10,10,10,10,10,10,10,10,10,10,10,5,0,0,0,0,0
Kuwait,8.2.1,16,16,16,16,16,16,16,16,16,16,17,17,17,17,17,17,17,17,17,17,17,17,17,17,17,17,17,17,16,2,1,1
Kuwait,8.10.1,0,0,0,0,0,0,0,0,0,0,0,0,0,0,0,0,0,0,0,0,0,0,0,0,0,0,0,0,0,1,1,0
Kuwait,8.4.2,0,0,0,0,0,0,0,0,0,0,0,0,0,0,0,0,0,0,0,0,0,6,0,0,0,0,0,0,0,0,0,0
Kuwait,8.1.1,0,0,0,0,0,0,0,0,0,0,0,0,0,0,0,1,2,2,2,2,2,2,2,2,2,2,2,2,2,0,0,0
Kuwait,8.8.2,0,0,0,0,0,0,0,0,0,0,0,0,0,0,0,0,0,0,0,0,0,0,12,0,0,0,0,12,0,0,0,0
Kuwait,8.4.1,0,0,0,0,0,0,0,0,0,0,0,0,0,0,0,0,0,0,0,1,1,1,1,1,1,1,1,1,1,1,0,0
Kuwait,8.3.1,0,0,0,0,0,0,0,0,0,0,0,0,0,0,0,0,0,0,0,0,6,0,0,0,0,0,0,0,0,0,0,0
Kuwait,8.5.2,2,12,12,12,12,12,12,12,12,12,12,13,13,13,13,13,13,13,13,13,13,13,13,13,11,11,11,11,11,11,0,0
Kuwait,8.5.1,0,0,0,0,0,0,0,0,0,0,0,0,0,0,0,0,1,1,1,1,1,1,1,1,1,1,1,1,1,0,0,0
Lebanon,8.10.2,0,0,0,0,0,0,0,0,0,0,0,0,0,0,0,0,1,1,1,1,1,1,1,1,1,1,1,1,1,0,0,0
Lebanon,8.2.1,0,0,0,0,0,0,0,0,0,0,0,0,0,0,0,0,0,0,0,0,0,0,0,0,0,1,1,1,1,0,0,0
Lebanon,8.10.1,0,0,0,0,0,0,0,0,0,0,1,1,1,1,0,0,0,0,0,0,0,6,6,0,6,2,1,0,0,0,0,0
Lebanon,8.4.2,0,0,0,0,0,0,0,0,0,0,0,0,0,0,0,1,2,2,2,2,2,2,2,2,2,2,2,2,2,0,0,0
Lebanon,8.1.1,0,0,0,0,0,0,0,0,0,0,0,0,0,0,0,0,0,0,0,0,0,0,0,0,0,0,0,0,0,12,0,0
Lebanon,8.4.1,0,0,0,0,0,0,0,0,0,0,3,9,9,9,9,9,9,6,9,6,9,12,12,9,9,9,9,0,0,0,0,0
Lebanon,8.6.1,14,14,14,14,14,14,14,14,14,14,17,17,17,17,17,17,17,17,17,18,17,18,17,17,17,17,17,17,17,2,1,1
Lebanon,8.a.1,0,3,3,3,3,3,3,3,3,3,3,3,3,3,3,3,3,3,3,3,3,3,3,3,3,3,3,3,3,3,0,0
Lebanon,8.5.2,0,0,0,0,0,0,0,0,0,0,0,0,0,0,2,2,2,2,2,2,2,2,2,2,2,2,2,2,2,0,0,0
Lebanon,8.5.1,0,0,0,0,0,0,0,0,0,0,0,0,0,0,0,0,0,0,0,0,0,0,0,0,0,0,3,12,12,12,0,0
Libya,8.10.2,0,0,0,0,0,0,0,0,0,0,0,0,0,0,0,0,0,0,0,0,0,0,6,0,0,0,0,0,0,0,0,0
Libya,8.2.1,0,0,0,0,0,0,0,0,0,0,0,0,0,0,0,0,0,0,0,0,0,0,0,0,0,0,0,0,1,0,0,0
Libya,8.10.1,0,0,0,0,0,0,0,0,0,0,3,12,12,3,3,3,12,12,12,12,12,12,12,12,12,12,12,12,12,12,0,0
Libya,8.4.2,0,0,0,0,0,0,0,0,0,0,0,0,0,0,0,0,0,12,0,0,0,0,12,0,12,0,12,12,0,0,0,0
Libya,8.1.1,0,3,3,3,3,3,3,3,3,3,3,3,3,3,3,3,3,3,3,3,3,3,3,3,3,3,3,3,3,3,0,0
Libya,8.8.2,0,3,3,3,3,3,3,3,3,3,3,3,3,3,3,3,3,3,3,3,3,3,3,3,3,3,3,3,3,3,0,0
Libya,8.4.1,0,3,3,3,3,3,3,3,3,3,3,3,3,3,3,3,3,3,3,3,3,3,3,3,3,3,3,3,3,3,0,0
Libya,8.a.1,0,0,0,0,0,0,0,0,0,0,0,0,0,0,0,0,0,0,0,0,0,12,0,0,12,0,0,0,0,0,0,0
Libya,8.5.2,0,0,0,0,0,0,0,0,0,0,51,51,51,51,48,48,48,48,48,48,48,51,51,51,51,51,48,48,0,0,0,0
Libya,8.5.1,0,3,3,3,3,3,3,3,3,3,3,3,3,3,3,3,3,3,3,3,3,3,3,3,3,3,3,3,3,3,0,0
Mauritania,8.10.2,0,0,0,0,0,0,0,0,0,0,0,0,0,0,0,0,0,0,0,6,6,6,6,6,6,6,0,6,0,0,0,0
Mauritania,8.2.1,0,0,0,0,0,0,0,0,0,0,0,0,0,0,0,0,0,0,0,0,0,0,6,0,0,0,0,0,0,0,0,0
Mauritania,8.10.1,0,3,3,3,3,3,3,3,3,3,3,3,3,3,3,3,3,3,3,3,3,3,3,3,3,3,3,3,3,3,0,0
Mauritania,8.4.2,0,3,3,3,3,3,3,3,3,3,3,3,3,3,3,3,3,3,3,3,3,3,3,3,3,3,3,3,3,3,0,0
Mauritania,8.1.1,0,0,0,0,0,0,0,0,0,0,0,0,0,0,0,0,0,0,0,0,0,0,0,0,0,0,0,13,0,0,0,0
Mauritania,8.8.2,0,0,0,0,0,0,0,0,0,0,0,0,0,0,0,0,0,0,0,0,0,0,0,0,0,0,0,15,0,0,0,0
Mauritania,8.4.1,0,0,0,0,0,0,0,0,0,0,0,0,0,0,0,0,0,0,0,0,0,12,0,0,0,0,0,0,0,0,0,0
Mauritania,8.3.1,0,0,0,0,0,0,0,0,0,0,6,6,6,6,6,6,6,6,6,6,6,6,6,6,6,6,6,6,6,6,6,0
Mauritania,8.7.1,10,10,10,10,10,10,10,10,10,10,10,10,10,10,10,10,10,10,10,10,10,10,10,10,10,10,4,0,0,0,0,0
Mauritania,8.6.1,10,10,10,10,10,10,10,10,10,10,10,10,10,10,10,10,10,10,10,10,10,10,10,10,10,10,4,0,0,0,0,0
Mauritania,8.a.1,2,12,12,12,12,12,12,12,12,12,12,13,13,13,13,13,13,13,13,13,13,13,13,13,13,13,13,13,13,12,0,0
Mauritania,8.5.2,0,0,0,0,0,0,0,0,0,0,0,0,0,0,0,0,0,0,0,0,0,0,0,0,0,0,0,0,0,1,1,0
Mauritania,8.5.1,0,0,0,0,0,0,0,0,0,0,0,0,0,0,0,0,0,0,0,0,0,12,0,0,12,0,0,0,0,0,0,0
Morocco,8.10.2,0,0,0,0,0,0,0,0,0,0,0,0,0,0,0,1,2,2,2,2,2,2,2,2,2,2,2,2,2,0,0,0
Morocco,8.2.1,0,0,0,0,0,0,0,0,0,0,0,0,0,0,3,0,0,0,0,0,0,0,0,0,6,0,0,0,0,0,0,0
Morocco,8.10.1,17,17,17,17,17,17,17,17,17,17,17,17,17,17,17,17,17,17,17,18,17,18,17,18,17,18,17,18,17,2,1,1
Morocco,8.4.2,0,0,0,0,0,0,0,0,0,0,0,0,0,0,0,0,0,0,0,0,0,12,0,0,15,0,0,15,0,0,0,0
Morocco,8.b.1,0,3,3,3,3,3,3,3,3,3,3,3,3,3,3,3,3,3,3,3,3,3,3,3,3,3,3,3,3,3,0,0
Morocco,8.1.1,0,9,9,9,9,9,9,9,9,10,10,11,11,11,11,11,11,11,11,11,11,11,11,11,11,11,11,11,11,11,0,0
Morocco,8.4.1,0,10,10,10,10,10,10,10,10,12,12,13,13,13,13,13,13,13,13,13,13,13,13,13,13,13,13,13,13,12,0,0
Morocco,8.3.1,0,0,0,0,0,0,0,0,0,0,0,0,0,0,0,1,2,2,2,2,2,2,2,2,2,2,2,2,2,0,0,0
Morocco,8.a.1,0,0,0,0,0,0,0,0,0,0,0,0,0,0,2,2,2,2,2,2,2,2,2,2,2,2,2,2,2,0,0,0
Morocco,8.9.1,0,0,0,0,0,0,0,0,0,0,0,0,0,0,0,0,0,0,0,0,0,12,0,0,0,0,0,0,0,0,0,0
Morocco,8.5.2,0,0,0,0,0,0,0,0,0,0,2,2,2,2,2,0,0,0,0,0,0,0,0,0,0,0,0,0,0,0,0,0
Morocco,8.5.1,0,9,9,9,9,9,9,9,9,9,9,10,10,10,10,10,10,10,10,10,10,10,10,10,10,10,10,10,10,10,0,0
Oman,8.10.2,0,0,0,0,0,0,0,0,0,0,3,3,1,3,3,3,3,3,3,12,12,3,9,9,9,9,9,9,0,0,0,0
Oman,8.2.1,0,0,0,0,0,0,0,0,0,0,0,0,0,0,0,1,2,2,2,2,2,2,2,2,2,2,2,2,2,0,0,0
Oman,8.10.1,0,0,0,0,0,0,0,0,0,0,0,0,0,0,0,0,0,0,0,0,0,12,0,0,12,0,0,15,0,0,0,0
Oman,8.4.2,1,11,11,11,11,11,11,11,11,11,11,12,12,12,12,12,12,12,12,12,12,12,12,12,12,12,12,12,12,11,0,0
Oman,8.1.1,0,0,0,0,0,0,0,0,0,0,0,0,0,0,1,1,1,1,1,1,1,1,1,1,1,1,1,1,1,0,0,0
Oman,8.4.1,0,0,0,0,0,0,0,0,0,0,0,0,0,0,1,1,1,1,1,1,1,1,1,1,1,1,1,1,1,0,0,0
Oman,8.3.1,0,0,0,0,0,0,0,0,0,0,11,12,12,12,12,12,12,12,12,12,12,12,12,12,12,12,12,12,18,18,18,0
Oman,8.9.1,2,11,11,11,11,11,11,11,11,11,11,12,12,10,10,10,10,10,10,10,10,10,10,10,10,10,10,10,10,10,0,0
Oman,8.5.2,16,16,16,16,16,16,16,16,16,16,16,16,16,16,16,16,16,16,16,17,16,17,16,16,14,15,14,16,14,2,1,1
Oman,8.5.1,0,0,0,0,0,0,0,0,0,0,0,0,0,0,2,2,2,2,2,2,2,2,2,2,2,2,0,0,0,0,0,0
Palestine,8.10.2,0,3,3,3,3,3,3,3,3,3,3,3,3,3,3,3,3,3,3,3,3,3,3,3,3,3,3,3,3,3,0,0
Palestine,8.2.1,0,0,0,0,0,0,0,0,0,0,0,0,0,0,0,0,0,0,0,0,0,0,0,0,12,0,0,0,0,0,0,0
Palestine,8.10.1,0,0,0,0,0,0,0,0,0,0,0,0,0,0,0,0,0,0,3,4,3,3,3,3,0,3,3,3,3,3,0,0
Palestine,8.8.1,0,0,0,0,0,0,0,0,0,0,0,0,0,0,0,0,0,0,0,0,0,0,0,0,0,0,0,1,1,0,0,0
Palestine,8.1.1,2,12,12,12,12,12,12,12,12,12,12,13,13,13,13,13,13,13,13,13,13,13,13,13,13,13,13,13,13,12,0,0
Palestine,8.3.1,0,0,0,0,0,0,0,0,0,0,39,36,36,39,39,39,45,42,45,45,45,45,42,42,45,45,39,39,0,0,0,0
Palestine,8.7.1,0,0,0,0,0,0,0,0,0,0,0,0,0,0,0,0,1,1,1,1,1,1,1,1,1,1,1,1,1,0,0,0
Palestine,8.6.1,0,0,0,0,0,0,0,0,0,0,0,0,0,0,0,0,1,1,1,1,1,1,1,1,1,1,1,1,1,0,0,0
Palestine,8.a.1,0,0,0,0,0,0,0,0,0,0,0,0,0,0,0,0,0,0,0,0,0,0,45,45,45,45,45,45,0,0,0,0
Palestine,8.5.2,9,9,9,9,9,9,9,9,9,9,9,9,9,8,8,8,8,8,1,2,1,1,0,1,0,1,0,1,0,0,0,0
Palestine,8.5.1,0,0,0,0,0,0,0,0,0,0,42,45,45,45,45,45,45,45,48,51,51,51,51,51,51,51,48,48,0,0,0,0
Qatar,8.10.2,0,0,0,0,0,0,0,0,0,0,0,0,0,0,0,0,0,0,0,0,0,12,0,0,12,0,0,12,0,0,0,0
Qatar,8.2.1,0,3,3,3,3,3,3,3,3,3,3,3,3,3,3,3,3,3,3,3,3,3,3,3,3,3,3,3,3,3,0,0
Qatar,8.10.1,0,0,0,0,0,0,0,0,0,0,0,0,0,0,0,0,0,0,0,0,0,0,0,0,0,1,1,1,0,0,0,0
Qatar,8.4.2,0,0,0,0,0,0,0,0,0,0,0,0,0,0,1,1,1,2,2,2,2,2,2,2,2,2,2,2,2,0,0,0
Qatar,8.8.1,0,0,0,0,0,0,0,0,0,0,1,1,1,1,1,0,0,0,0,0,0,0,0,0,6,6,12,0,0,0,0,0
Qatar,8.1.1,0,0,0,0,0,0,0,0,0,0,39,39,39,48,48,39,39,45,48,48,48,48,48,48,48,48,48,48,0,0,0,0
Qatar,8.4.1,0,0,0,0,0,0,0,0,0,0,48,48,48,48,48,48,48,48,48,48,48,48,48,45,48,51,48,48,0,0,0,0
Qatar,8.3.1,0,3,3,3,3,3,3,3,3,3,3,3,3,3,3,3,3,3,3,3,3,3,3,3,3,3,3,3,3,3,0,0
Qatar,8.9.1,0,0,0,0,0,0,0,0,0,0,0,0,0,0,1,1,1,1,1,1,1,1,1,1,0,0,0,0,0,0,0,0
Qatar,8.5.2,0,0,0,0,0,0,0,0,0,0,0,0,0,0,0,0,0,0,0,0,0,0,0,0,0,1,1,1,1,0,0,0
Qatar,8.5.1,0,0,0,0,0,0,0,0,0,0,0,0,0,0,0,0,0,0,0,0,0,0,0,0,0,0,0,0,0,1,1,0
Saudi Arabia,8.10.2,0,10,10,10,10,10,10,10,10,10,10,13,13,13,13,13,13,13,13,13,13,13,13,13,13,13,13,13,13,11,0,0
Saudi Arabia,8.2.1,0,0,0,0,0,0,0,0,0,0,0,0,0,0,0,0,0,0,0,0,0,10,0,0,0,0,0,0,0,0,0,0
Saudi Arabia,8.10.1,10,10,10,10,10,10,10,10,10,10,10,10,10,10,10,10,10,10,10,10,10,10,10,10,10,10,4,0,0,0,0,0
Saudi Arabia,8.4.2,0,0,0,0,0,0,0,0,0,0,48,48,48,48,48,39,45,45,45,45,45,48,48,48,48,48,48,48,0,0,0,0
Saudi Arabia,8.b.1,0,0,0,0,0,0,0,0,0,0,0,0,0,0,0,0,0,0,0,0,0,12,0,0,12,0,0,12,0,0,0,0
Saudi Arabia,8.1.1,3,3,3,3,3,3,3,3,3,8,10,10,14,14,14,14,14,14,14,14,15,14,14,14,14,15,14,16,13,2,1,1
Saudi Arabia,8.4.1,13,13,13,13,13,13,13,13,16,16,17,17,17,17,17,17,17,17,17,18,17,18,17,18,17,18,17,18,17,2,1,1
Saudi Arabia,8.3.1,0,0,0,0,0,0,0,0,0,0,0,0,0,0,0,0,0,0,0,0,0,12,0,0,0,0,0,0,0,0,0,0
Saudi Arabia,8.6.1,0,0,0,0,0,0,0,0,0,0,0,0,0,0,0,0,0,0,0,6,0,6,6,6,6,6,0,0,0,0,0,0
Saudi Arabia,8.9.1,0,0,0,0,0,0,0,0,0,0,51,51,51,51,51,51,51,51,51,51,51,51,48,48,48,48,45,45,0,0,0,0
Saudi Arabia,8.5.2,10,10,10,10,10,10,10,10,10,10,10,10,10,10,10,10,10,10,10,10,10,10,10,10,10,10,4,0,0,0,0,0
Saudi Arabia,8.5.1,9,12,13,13,13,13,13,13,13,13,13,13,13,13,13,13,13,13,13,14,14,14,13,13,9,9,9,9,9,2,1,1
Somalia,8.10.2,0,0,0,0,0,0,0,0,0,0,42,42,42,42,45,45,42,42,45,48,42,45,45,45,48,48,48,48,0,0,0,0
Somalia,8.2.1,0,9,9,9,9,9,9,9,9,9,9,10,10,10,10,10,10,10,10,10,10,10,10,11,13,13,13,13,13,11,0,0
Somalia,8.4.2,0,0,0,0,0,0,0,0,0,0,0,0,0,0,0,0,0,0,0,0,0,0,0,0,0,0,0,0,0,1,1,0
Somalia,8.1.1,0,0,0,0,0,0,0,0,0,0,0,0,0,0,0,0,0,0,0,0,0,0,0,0,0,1,1,1,1,0,0,0
Somalia,8.4.1,10,10,10,10,10,10,10,10,10,10,10,10,10,10,10,10,10,10,10,10,10,10,10,10,10,10,4,0,0,0,0,0
Somalia,8.a.1,17,17,17,17,17,17,17,17,17,17,17,17,17,17,17,17,17,17,17,18,17,18,17,18,17,18,17,18,17,2,1,1
Somalia,8.5.1,0,0,0,0,0,0,0,0,0,0,0,0,0,0,0,0,0,0,0,0,0,0,0,0,3,0,0,0,0,0,0,0
Sudan,8.10.2,0,0,0,0,0,0,0,0,0,0,2,2,2,2,2,2,2,2,2,0,0,0,0,0,0,0,0,0,0,0,0,0
Sudan,8.2.1,0,0,0,0,0,0,0,0,0,0,0,0,0,0,2,2,2,2,2,2,2,2,2,2,2,2,2,2,2,2,0,0
Sudan,8.10.1,0,0,0,0,0,0,0,0,0,0,0,0,0,0,0,0,0,0,0,0,0,0,0,0,6,0,0,0,0,0,0,0
Sudan,8.4.2,0,0,0,0,0,0,0,0,0,0,0,2,2,2,2,2,2,0,0,0,0,0,0,0,0,0,0,0,0,0,0,0
Sudan,8.1.1,10,10,10,10,10,10,10,10,10,10,10,10,10,10,10,10,10,10,10,10,10,10,10,10,10,10,4,0,0,0,0,0
Sudan,8.3.1,16,16,17,17,17,17,17,17,17,17,17,17,17,17,17,17,17,17,17,18,17,18,17,17,17,17,17,17,17,2,1,1
Sudan,8.4.1,0,0,0,0,0,0,0,0,0,0,0,0,0,0,0,0,1,1,1,1,1,1,1,1,1,1,1,1,1,0,0,0
Sudan,8.7.1,0,0,0,0,0,0,0,0,0,0,0,0,0,0,0,0,0,0,0,0,0,12,0,0,12,0,0,12,0,0,0,0
Sudan,8.6.1,0,0,0,0,0,0,0,0,0,0,0,0,0,0,0,0,0,0,1,1,1,1,1,1,1,1,1,1,1,0,0,0
Sudan,8.a.1,0,0,0,0,0,0,0,0,0,0,0,0,0,0,0,0,0,0,0,0,0,3,0,0,0,0,0,0,0,0,0,0
Sudan,8.5.2,0,0,0,0,0,0,0,0,0,0,0,0,0,0,0,0,1,1,1,1,1,1,1,1,1,1,1,1,1,0,0,0
Sudan,8.5.1,10,10,10,10,10,10,10,10,10,10,10,10,10,10,10,10,10,10,10,10,10,10,10,10,10,10,4,0,0,0,0,0
Syria,8.10.2,14,14,14,14,14,14,14,14,14,14,17,17,17,17,17,17,17,17,17,17,17,17,17,17,17,18,17,18,17,2,1,1
Syria,8.2.1,0,0,0,0,0,0,0,0,0,0,30,30,30,30,30,27,27,27,27,39,30,30,30,30,30,27,27,27,0,0,0,0
Syria,8.10.1,0,10,10,10,10,10,10,10,10,10,10,11,11,11,11,11,11,11,11,11,11,11,11,11,11,11,11,11,11,11,0,0
Syria,8.4.2,17,17,17,17,17,17,17,17,17,17,17,17,17,17,17,17,17,17,17,18,17,18,17,18,17,18,17,18,17,2,1,1
Syria,8.1.1,0,0,0,0,0,0,0,0,0,0,0,0,0,0,0,1,2,2,2,2,2,2,2,2,2,2,2,2,2,0,0,0
Syria,8.8.2,2,12,12,12,12,12,12,12,12,12,12,13,13,13,13,13,13,13,13,13,13,13,13,13,13,13,13,13,13,12,0,0
Syria,8.4.1,0,0,0,0,0,0,0,0,0,0,0,0,0,0,0,0,0,0,1,1,1,1,1,1,1,1,1,1,1,1,0,0
Syria,8.a.1,0,0,0,0,0,0,0,0,0,0,0,0,0,0,0,0,0,0,10,10,10,10,10,10,10,10,4,0,0,0,0,0
Syria,8.5.2,0,0,0,0,0,0,0,0,0,0,0,0,0,0,0,0,0,0,0,0,0,6,0,0,0,0,0,0,0,0,0,0
Syria,8.5.1,0,0,0,0,0,0,0,0,0,0,0,0,0,0,0,0,0,0,0,0,0,0,0,0,6,0,0,0,0,0,0,0
Tunisia,8.10.2,10,10,10,10,10,10,10,10,10,10,10,10,10,10,10,10,10,10,10,10,10,10,10,10,10,10,5,0,0,0,0,0
Tunisia,8.2.1,1,3,4,4,4,4,4,4,4,4,5,5,5,5,5,5,5,5,5,5,7,6,6,12,14,15,15,15,15,2,1,1
Tunisia,8.10.1,0,0,0,0,0,0,0,0,0,0,0,0,0,0,0,0,0,0,6,6,6,6,6,6,0,6,6,6,6,6,0,0
Tunisia,8.4.2,10,10,10,10,10,10,10,10,10,10,10,10,10,10,10,10,10,10,10,10,10,10,10,10,10,10,5,0,0,0,0,0
Tunisia,8.b.1,0,9,9,9,9,10,10,10,10,10,10,11,11,11,11,11,11,11,11,11,11,12,12,12,12,12,12,12,12,11,0,0
Tunisia,8.8.1,0,3,3,3,3,3,3,3,3,3,3,3,3,3,3,3,3,3,3,3,3,3,3,3,3,3,3,3,3,3,0,0
Tunisia,8.1.1,0,0,0,0,0,0,0,0,0,0,0,0,0,0,0,0,0,0,0,0,0,0,12,0,0,0,0,0,0,0,0,0
Tunisia,8.8.2,0,0,0,0,0,0,0,0,0,0,0,0,0,0,2,2,2,2,2,2,2,2,2,2,2,2,2,2,2,2,0,0
Tunisia,8.4.1,0,0,0,0,0,0,0,0,0,0,0,0,0,0,0,0,0,0,3,0,0,0,0,0,0,0,12,0,3,0,0,0
Tunisia,8.3.1,0,9,9,9,9,9,9,9,9,9,10,11,11,11,11,11,11,11,11,11,11,11,11,11,11,11,11,11,11,11,0,0
Tunisia,8.7.1,0,0,0,0,0,0,0,0,0,0,0,0,0,0,0,0,0,0,0,0,0,0,0,1,1,1,1,1,1,0,0,0
Tunisia,8.6.1,0,0,0,0,0,0,0,0,0,0,12,12,12,3,3,3,12,12,12,12,3,12,12,12,12,12,12,3,12,0,0,0
Tunisia,8.a.1,0,0,0,0,0,0,0,0,0,0,0,0,0,0,0,0,0,0,0,0,0,0,0,0,6,0,0,0,0,0,0,0
Tunisia,8.5.2,0,0,0,0,0,0,0,0,0,0,0,0,0,0,0,0,0,0,0,0,6,0,0,0,0,0,0,0,0,0,0,0
Tunisia,8.5.1,0,0,0,0,0,0,0,0,0,0,0,0,0,0,0,1,2,2,2,2,2,2,2,2,2,2,2,2,2,0,0,0
United Arab Emirates,8.10.2,0,0,0,0,0,0,0,0,0,0,0,0,0,0,0,0,1,1,1,1,1,1,1,1,1,1,1,1,1,0,0,0
United Arab Emirates,8.2.1,0,0,0,0,0,0,0,0,0,0,0,0,0,0,0,0,0,0,0,0,0,0,0,0,0,1,1,1,1,0,0,0
United Arab Emirates,8.10.1,0,0,0,0,0,0,0,0,0,0,0,0,0,0,0,1,2,2,2,2,2,2,2,2,2,2,2,2,2,0,0,0
United Arab Emirates,8.4.2,0,0,0,0,0,0,0,0,0,0,0,0,0,0,0,0,1,1,1,1,1,1,1,1,1,1,1,1,1,0,0,0
United Arab Emirates,8.1.1,0,3,3,3,3,3,3,3,3,3,3,3,3,3,3,3,3,3,3,3,3,3,3,3,3,3,3,3,3,3,0,0
United Arab Emirates,8.4.1,0,3,3,3,3,3,3,3,3,3,3,3,3,3,3,3,3,3,3,3,3,3,3,3,3,3,3,3,3,3,0,0
United Arab Emirates,8.3.1,0,0,0,0,0,0,0,0,0,0,0,0,0,0,2,2,2,2,2,2,2,2,2,2,2,2,2,2,2,2,0,0
United Arab Emirates,8.5.2,0,0,0,0,0,0,0,0,0,0,0,0,0,0,0,1,2,2,2,2,2,2,2,2,2,2,2,2,2,0,0,0
United Arab Emirates,8.5.1,0,0,0,0,0,0,0,0,0,0,0,0,0,0,0,0,0,0,0,0,12,0,0,0,12,0,0,0,0,0,0,0
Yemen,8.10.2,0,0,0,0,0,0,0,0,0,0,0,0,0,0,0,0,0,0,0,0,0,0,0,0,0,0,0,1,1,0,0,0
Yemen,8.2.1,10,10,10,10,10,10,10,10,10,10,10,10,10,10,10,10,10,10,10,10,10,10,10,10,10,10,5,0,0,0,0,0
Yemen,8.10.1,0,0,0,0,0,0,0,0,0,0,0,0,0,0,0,0,0,0,0,1,1,0,1,1,1,0,0,0,0,0,0,0
Yemen,8.4.2,0,0,0,0,0,0,0,0,0,0,0,0,0,0,0,0,0,0,0,0,0,0,0,0,0,0,6,0,0,0,0,0
Yemen,8.b.1,0,0,0,0,0,0,0,0,0,0,0,0,0,0,2,2,2,2,2,2,2,2,2,2,2,2,2,2,2,2,0,0
Yemen,8.1.1,0,0,0,0,0,0,0,0,0,0,0,0,0,0,0,0,0,0,0,0,0,12,0,0,15,0,0,15,0,0,0,0
Yemen,8.3.1,0,0,0,0,0,0,0,0,0,0,0,0,0,0,0,0,0,0,0,0,0,0,0,0,0,1,1,0,0,0,0,0
Yemen,8.4.1,0,0,0,0,0,0,0,0,0,0,0,0,0,0,0,0,0,0,0,0,0,12,0,0,12,0,0,12,0,0,0,0
Yemen,8.6.1,0,3,3,3,3,3,3,3,3,3,3,3,3,3,3,3,3,3,3,3,3,3,3,3,3,3,3,3,3,3,0,0
Yemen,8.a.1,0,0,0,0,0,0,0,0,0,0,0,0,0,0,0,0,0,0,0,0,0,6,0,0,0,0,0,0,0,0,0,0
Yemen,8.5.2,0,0,0,0,0,0,0,0,0,0,3,3,3,3,1,12,12,12,12,12,12,12,12,12,0,12,12,12,3,3,0,0
Yemen,8.5.1,0,3,3,3,3,3,3,3,3,3,3,3,3,3,3,3,3,3,3,3,3,3,3,3,3,3,3,3,3,3,0,0